id,phone,amount
5,2.51924E+11,100
6,2.51945E+11,163
7,2.51912E+11,21
8,2.51926E+11,9
